{
  "name": "stront60",
  "lighting": "qmk_rgblight",
  "matrix": {
    "rows": 10,
    "cols": 6
  },
  "layouts": {
    "keymap": [
      [
        {
          "x": 3.5
        },
        "0,3",
        {
          "x": 8.5
        },
        "5,2"
      ],
      [
        {
          "y": -0.875,
          "x": 2.5
        },
        "0,2",
        {
          "x": 1
        },
        "0,4"
      ],
      [
        {
          "y": -0.995,
          "x": 12
        },
        "5,1",
        {
          "x": 1
        },
        "5,3"
      ],
      [
        {
          "y": -0.88,
          "x": 5.5
        },
        "0,5",
        {
          "x": 4.5
        },
        "5,0"
      ],
      [
        {
          "y": -0.75,
          "x": 0.5
        },
        "0,0",
        "0,1",
        {
          "x": 12.5
        },
        "5,4",
        "5,5"
      ],
      [
        {
          "y": -0.5,
          "x": 3.5
        },
        "1,3",
        {
          "x": 8.5
        },
        "6,2"
      ],
      [
        {
          "y": -0.875,
          "x": 2.5
        },
        "1,2",
        {
          "x": 1
        },
        "1,4"
      ],
      [
        {
          "y": -0.9950000000000001,
          "x": 12
        },
        "6,1",
        {
          "x": 1
        },
        "6,3"
      ],
      [
        {
          "y": -0.8799999999999999,
          "x": 5.5
        },
        "1,5",
        {
          "x": 4.5
        },
        "6,0"
      ],
      [
        {
          "y": -0.75,
          "x": 0.5
        },
        "1,0",
        "1,1",
        {
          "x": 12.5
        },
        "6,4",
        "6,5"
      ],
      [
        {
          "y": -0.5,
          "x": 3.5
        },
        "2,3",
        {
          "x": 8.5
        },
        "7,2"
      ],
      [
        {
          "y": -0.875,
          "x": 2.5
        },
        "2,2",
        {
          "x": 1
        },
        "2,4"
      ],
      [
        {
          "y": -0.9950000000000001,
          "x": 12
        },
        "7,1",
        {
          "x": 1
        },
        "7,3"
      ],
      [
        {
          "y": -0.8799999999999999,
          "x": 5.5
        },
        "2,5",
        {
          "x": 4.5
        },
        "7,0"
      ],
      [
        {
          "y": -0.75,
          "x": 0.5
        },
        "2,0",
        "2,1",
        {
          "x": 12.5
        },
        "7,4",
        "7,5"
      ],
      [
        {
          "y": -0.5,
          "x": 3.5
        },
        "3,3",
        {
          "x": 8.5
        },
        "8,2"
      ],
      [
        {
          "y": -0.875,
          "x": 2.5
        },
        "3,2",
        {
          "x": 1
        },
        "3,4"
      ],
      [
        {
          "y": -0.9950000000000001,
          "x": 12
        },
        "8,1",
        {
          "x": 1
        },
        "8,3"
      ],
      [
        {
          "y": -0.8799999999999999,
          "x": 5.5
        },
        "3,5",
        {
          "x": 4.5
        },
        "8,0"
      ],
      [
        {
          "y": -0.75,
          "x": 0.5
        },
        "3,0",
        "3,1",
        {
          "x": 4.5
        },
        "4,5",
        {
          "x": 1.5
        },
        "9,5",
        {
          "x": 4.5
        },
        "8,4",
        "8,5"
      ],
      [
        {
          "y": -0.5,
          "x": 3.5
        },
        "4,1",
        {
          "x": 8.5
        },
        "9,3"
      ],
      [
        {
          "y": -0.875,
          "x": 2.5
        },
        "4,0",
        {
          "x": 1
        },
        "4,2"
      ],
      [
        {
          "y": -0.9950000000000001,
          "x": 12
        },
        "9,2",
        {
          "x": 1
        },
        "9,4"
      ],
      [
        {
          "r": 20,
          "y": -3.13,
          "x": 6.95
        },
        "4,3"
      ],
      [
        {
          "r": 30,
          "y": -2.45,
          "x": 8.375
        },
        "4,4"
      ],
      [
        {
          "r": -30,
          "y": 7.95,
          "x": 5.75
        },
        "9,0"
      ],
      [
        {
          "r": -20,
          "y": -2.4000000000000004,
          "x": 8.5
        },
        "9,1"
      ]
    ]
  }
}